,root_id,flow,super_class,class,sub_class,cell_type,hemibrain_type,hemilineage,side,nerve
0,720575940628660224,afferent,sensory,olfactory,,,ORN_DL2v,,left,AN
6,720575940609228809,afferent,sensory,olfactory,,,ORN_DM4,,right,AN
10,720575940623302669,afferent,sensory,olfactory,,,ORN_DP1l,,left,AN
15,720575940625825820,afferent,sensory,olfactory,,,ORN_DM2,,left,AN
16,720575940614037533,afferent,sensory,olfactory,,,ORN_V,,left,AN
21,720575940616921129,afferent,sensory,olfactory,,ORN_VM6m,ORN_VC5,,left,AN
28,720575940616093746,afferent,sensory,olfactory,,,ORN_V,,right,AN
29,720575940646142004,afferent,sensory,olfactory,,,ORN_VA2,,left,AN
33,720575940627890231,afferent,sensory,olfactory,,,ORN_V,,left,AN
38,720575940633509949,afferent,sensory,olfactory,,,ORN_V,,left,AN
52,720575940639080526,afferent,sensory,olfactory,,,ORN_DM1,,right,AN
54,720575940617109597,afferent,sensory,olfactory,,ORN_VM6l,ORN_VC5,,right,AN
58,720575940620574817,afferent,sensory,olfactory,,,ORN_VM5d,,left,AN
59,720575940609884258,afferent,sensory,olfactory,,,ORN_DL1,,left,AN
63,720575940619419757,afferent,sensory,olfactory,,,ORN_DM1,,left,AN
80,720575940625694857,afferent,sensory,olfactory,,,ORN_DL5,,right,AN
88,720575940625334424,afferent,sensory,olfactory,,,ORN_VM7d,,left,MxLbN
107,720575940625342648,afferent,sensory,olfactory,,,ORN_DC4,,left,AN
131,720575940629373148,afferent,sensory,olfactory,,,ORN_VC4,,right,AN
136,720575940617650407,afferent,sensory,olfactory,,,ORN_V,,left,AN
137,720575940622745834,afferent,sensory,olfactory,,,ORN_DP1m,,left,AN
138,720575940625154283,afferent,sensory,olfactory,,,ORN_DP1m,,right,AN
141,720575940639088885,afferent,sensory,olfactory,,ORN_VM6m,ORN_VC5,,left,AN
149,720575940625162515,afferent,sensory,olfactory,,,ORN_V,,left,AN
155,720575940632224031,afferent,sensory,olfactory,,,ORN_DM1,,left,AN
157,720575940617208098,afferent,sensory,olfactory,,ORN_VM6m,ORN_VC5,,right,AN
181,720575940622262593,afferent,sensory,olfactory,,,ORN_DM1,,right,AN
184,720575940608508228,afferent,sensory,olfactory,,,ORN_VC1,,left,MxLbN
195,720575940639506776,afferent,sensory,olfactory,,,ORN_DC1,,left,AN
199,720575940610015586,afferent,sensory,olfactory,,,ORN_VA3,,right,AN
202,720575940633731435,afferent,sensory,olfactory,,,ORN_VC1,,right,MxLbN
205,720575940612096370,afferent,sensory,olfactory,,,ORN_DL2d,,left,AN
215,720575940648681860,afferent,sensory,olfactory,,,ORN_DC1,,left,AN
220,720575940615831947,afferent,sensory,olfactory,,ORN_VC5,ORN_VC3m,,left,AN
227,720575940616815005,afferent,sensory,olfactory,,ORN_VC3,ORN_VC3l,,right,AN
229,720575940639449507,afferent,sensory,olfactory,,,ORN_V,,right,AN
237,720575940620386742,afferent,sensory,olfactory,,ORN_VC3,ORN_VC3l,,left,AN
239,720575940623638967,afferent,sensory,olfactory,,,ORN_DP1l,,left,AN
240,720575940616356281,afferent,sensory,olfactory,,,ORN_VM5v,,left,AN
241,720575940624974266,afferent,sensory,olfactory,,,ORN_VA5,,left,AN
244,720575940638564797,afferent,sensory,olfactory,,,ORN_VL2p,,right,AN
246,720575940621124033,afferent,sensory,olfactory,,,ORN_VA3,,right,AN
261,720575940637704676,afferent,sensory,olfactory,,,ORN_DA2,,right,AN
263,720575940623942119,afferent,sensory,olfactory,,,ORN_DM1,,left,AN
273,720575940628677114,afferent,sensory,olfactory,,,ORN_DP1m,,left,AN
281,720575940607459849,afferent,sensory,olfactory,,,ORN_VC1,,right,MxLbN
284,720575940623122957,afferent,sensory,olfactory,,,ORN_DC3,,right,AN
293,720575940617454114,afferent,sensory,olfactory,,,ORN_DC2,,right,AN
307,720575940631003723,afferent,sensory,olfactory,,,ORN_DM4,,right,AN
309,720575940616151638,afferent,sensory,olfactory,,,ORN_VM7v,,right,MxLbN
311,720575940638229080,afferent,sensory,olfactory,,,ORN_VM7d,,left,MxLbN
322,720575940628202089,afferent,sensory,olfactory,,,ORN_DL2d,,left,AN
326,720575940634468975,afferent,sensory,olfactory,,,ORN_VC2,,left,MxLbN
340,720575940624442000,afferent,sensory,olfactory,,,ORN_DL1,,left,AN
343,720575940626997912,afferent,sensory,olfactory,,,ORN_VC4,,left,AN
349,720575940653892257,afferent,sensory,olfactory,,,ORN_DP1l,,left,AN
354,720575940611261098,afferent,sensory,olfactory,,,ORN_VL2p,,left,AN
355,720575940618912427,afferent,sensory,olfactory,,,ORN_DL2v,,right,AN
358,720575940632625837,afferent,sensory,olfactory,,,ORN_DL2d,,right,AN
360,720575940620886704,afferent,sensory,olfactory,,,ORN_VM7v,,right,MxLbN
364,720575940625670842,afferent,sensory,olfactory,,ORN_VM6m,ORN_VC5,,right,AN
365,720575940624859834,afferent,sensory,olfactory,,ORN_VC3,ORN_VC3l,,left,AN
366,720575940615398075,afferent,sensory,olfactory,,,ORN_DL2d,,right,AN
378,720575940619150040,afferent,sensory,olfactory,,,ORN_DP1l,,left,AN
380,720575940641039067,afferent,sensory,olfactory,,,ORN_DM2,,right,AN
386,720575940623090412,afferent,sensory,olfactory,,,ORN_DL2d,,left,AN
392,720575940626064138,afferent,sensory,olfactory,,,ORN_DL1,,left,AN
398,720575940628800277,afferent,sensory,olfactory,,,ORN_DM1,,left,AN
407,720575940643906340,afferent,sensory,olfactory,,,ORN_DP1l,,left,AN
411,720575940616913705,afferent,sensory,olfactory,,ORN_VM6m,ORN_VC5,,left,AN
413,720575940627817260,afferent,sensory,olfactory,,,ORN_V,,left,AN
420,720575940628431671,afferent,sensory,olfactory,,,ORN_DL5,,left,AN
422,720575940625818426,afferent,sensory,olfactory,,,ORN_VM5d,,left,AN
427,720575940631159633,afferent,sensory,olfactory,,,ORN_DL1,,left,AN
435,720575940607869788,afferent,sensory,olfactory,,,ORN_DC1,,left,AN
436,720575940622099294,afferent,sensory,olfactory,,,ORN_DM2,,right,AN
451,720575940611662706,afferent,sensory,olfactory,,ORN_VC3,ORN_VC3l,,right,AN
453,720575940620411764,afferent,sensory,olfactory,,,ORN_V,,left,AN
461,720575940626867081,afferent,sensory,olfactory,,,ORN_DL5,,right,AN
462,720575940624491402,afferent,sensory,olfactory,,ORN_VC3,ORN_VC3l,,left,AN
466,720575940635214734,afferent,sensory,olfactory,,ORN_VM6m,ORN_VC5,,right,AN
480,720575940620714921,afferent,sensory,olfactory,,ORN_VM6v,ORN_VC5,,left,AN
491,720575940619789248,afferent,sensory,olfactory,,,ORN_DM1,,right,AN
495,720575940606460873,afferent,sensory,olfactory,,ORN_VM6l,ORN_VC5,,right,AN
503,720575940603356128,afferent,sensory,olfactory,,,ORN_DM2,,right,AN
511,720575940652581878,afferent,sensory,olfactory,,,ORN_V,,right,AN
512,720575940628677626,afferent,sensory,olfactory,,,ORN_DM2,,right,AN
524,720575940644512791,afferent,sensory,olfactory,,,ORN_D,,right,AN
554,720575940630807619,afferent,sensory,olfactory,,,ORN_DC2,,right,AN
559,720575940628407375,afferent,sensory,olfactory,,,ORN_DL5,,left,AN
560,720575940621100117,afferent,sensory,olfactory,,,ORN_DM4,,left,AN
562,720575940629644375,afferent,sensory,olfactory,,,ORN_V,,left,AN
581,720575940650894457,afferent,sensory,olfactory,,ORN_VM6l,ORN_VC5,,left,AN
586,720575940619445382,afferent,sensory,olfactory,,,ORN_VM5d,,right,AN
589,720575940627154063,afferent,sensory,olfactory,,,ORN_VC1,,right,MxLbN
591,720575940622509203,afferent,sensory,olfactory,,ORN_VC3,ORN_VC3l,,left,AN
593,720575940625581208,afferent,sensory,olfactory,,,ORN_V,,right,AN
595,720575940633175196,afferent,sensory,olfactory,,,ORN_DL5,,right,AN
598,720575940642284704,afferent,sensory,olfactory,,,ORN_DM1,,left,AN
605,720575940611237034,afferent,sensory,olfactory,,,ORN_VA2,,right,AN
612,720575940620133568,afferent,sensory,olfactory,,,ORN_DC4,,left,AN
619,720575940644316360,afferent,sensory,olfactory,,,ORN_VL2a,,right,AN
625,720575940611056846,afferent,sensory,olfactory,,,ORN_VL2p,,left,AN
626,720575940611990738,afferent,sensory,olfactory,,,ORN_DM4,,left,AN
627,720575940619674840,afferent,sensory,olfactory,,,ORN_VA3,,left,AN
634,720575940616275174,afferent,sensory,olfactory,,,ORN_DC3,,right,AN
635,720575940623721703,afferent,sensory,olfactory,,ORN_VC3,ORN_VC3l,,right,AN
640,720575940611966194,afferent,sensory,olfactory,,,ORN_VC1,,right,MxLbN
641,720575940623729907,afferent,sensory,olfactory,,,ORN_VA7m,,right,AN
652,720575940628358406,afferent,sensory,olfactory,,,ORN_DM3,,right,AN
653,720575940626179334,afferent,sensory,olfactory,,ORN_VM6v,ORN_VC5,,left,AN
664,720575940622517530,afferent,sensory,olfactory,,,ORN_VA3,,left,AN
665,720575940617094429,afferent,sensory,olfactory,,,ORN_VC4,,left,AN
668,720575940624958757,afferent,sensory,olfactory,,,ORN_DC1,,left,AN
672,720575940638475573,afferent,sensory,olfactory,,,ORN_D,,right,AN
674,720575940631512376,afferent,sensory,olfactory,,,ORN_VC2,,right,MxLbN
679,720575940617577797,afferent,sensory,olfactory,,,ORN_DM1,,right,AN
680,720575940623205705,afferent,sensory,olfactory,,,ORN_DL5,,left,AN
692,720575940604700006,afferent,sensory,olfactory,,ORN_VC5,ORN_VC3m,,right,AN
695,720575940630947176,afferent,sensory,olfactory,,,ORN_VM7d,,left,MxLbN
696,720575940614653290,afferent,sensory,olfactory,,,ORN_DA4l,,left,AN
705,720575940626589053,afferent,sensory,olfactory,,,ORN_DL5,,right,AN
719,720575940626769304,afferent,sensory,olfactory,,,ORN_DL2d,,right,AN
723,720575940628391323,afferent,sensory,olfactory,,,ORN_DC1,,left,AN
725,720575940614833567,afferent,sensory,olfactory,,,ORN_VA2,,left,AN
727,720575940653295009,afferent,sensory,olfactory,,,ORN_VC1,,left,MxLbN
736,720575940619675056,afferent,sensory,olfactory,,,ORN_DL5,,right,AN
742,720575940628702658,afferent,sensory,olfactory,,ORN_VC3,ORN_VC3l,,right,AN
745,720575940629677509,afferent,sensory,olfactory,,,ORN_VM5v,,left,AN
752,720575940613785041,afferent,sensory,olfactory,,,ORN_VA7m,,right,AN
755,720575940620912086,afferent,sensory,olfactory,,,ORN_DM4,,left,AN
756,720575940629235159,afferent,sensory,olfactory,,,ORN_VC2,,right,MxLbN
758,720575940629611996,afferent,sensory,olfactory,,,ORN_VA3,,left,AN
760,720575940614014431,afferent,sensory,olfactory,,,ORN_VA2,,right,AN
769,720575940629153274,afferent,sensory,olfactory,,,ORN_DC1,,right,AN
771,720575940616783361,afferent,sensory,olfactory,,,ORN_DC4,,right,AN
772,720575940625368578,afferent,sensory,olfactory,,,ORN_VA3,,,AN
778,720575940607927817,afferent,sensory,olfactory,,,ORN_DM1,,left,AN
780,720575940607510027,afferent,sensory,olfactory,,ORN_VM6l,ORN_VC5,,left,AN
781,720575940614735372,afferent,sensory,olfactory,,,ORN_DM2,,left,AN
785,720575940626253331,afferent,sensory,olfactory,,ORN_VC5,ORN_VC3m,,left,AN
791,720575940620822049,afferent,sensory,olfactory,,,ORN_VA2,,left,AN
793,720575940645824035,afferent,sensory,olfactory,,,ORN_DM1,,left,AN
800,720575940646094388,afferent,sensory,olfactory,,,ORN_V,,right,AN
811,720575940615833174,afferent,sensory,olfactory,,,ORN_VC4,,left,AN
818,720575940629710444,afferent,sensory,olfactory,,,ORN_DC1,,right,AN
820,720575940643980910,afferent,sensory,olfactory,,,ORN_DM1,,left,AN
826,720575940631217782,afferent,sensory,olfactory,,,ORN_DM1,,right,AN
827,720575940629390970,afferent,sensory,olfactory,,ORN_VM6l,ORN_VC5,,right,AN
836,720575940627465871,afferent,sensory,olfactory,,,ORN_DC1,,left,AN
837,720575940623353488,afferent,sensory,olfactory,,,ORN_DL5,,left,AN
841,720575940613637782,afferent,sensory,olfactory,,,ORN_DP1l,,right,AN
844,720575940617234077,afferent,sensory,olfactory,,,ORN_DM2,,right,AN
866,720575940621862605,afferent,sensory,olfactory,,,ORN_DC1,,left,AN
868,720575940630496975,afferent,sensory,olfactory,,,ORN_DM1,,left,AN
879,720575940617340646,afferent,sensory,olfactory,,,ORN_DL5,,right,AN
880,720575940623607527,afferent,sensory,olfactory,,,ORN_DL2d,,right,AN
884,720575940624951020,afferent,sensory,olfactory,,,ORN_DM2,,right,AN
888,720575940629178108,afferent,sensory,olfactory,,ORN_VC3,ORN_VC3l,,right,AN
894,720575940607960843,afferent,sensory,olfactory,,,ORN_DC4,,left,AN
896,720575940607239947,afferent,sensory,olfactory,,,ORN_V,,left,AN
900,720575940627171089,afferent,sensory,olfactory,,ORN_VM6m,ORN_VC5,,right,AN
901,720575940619314964,afferent,sensory,olfactory,,,ORN_VC4,,right,AN
907,720575940632192799,afferent,sensory,olfactory,,,ORN_DC4,,left,AN
909,720575940645431075,afferent,sensory,olfactory,,,ORN_D,,left,AN
912,720575940624500519,afferent,sensory,olfactory,,,ORN_DM2,,right,AN
923,720575940647978804,afferent,sensory,olfactory,,,ORN_DP1l,,left,AN
924,720575940638402357,afferent,sensory,olfactory,,,ORN_VC1,,right,MxLbN
936,720575940628408143,afferent,sensory,olfactory,,,ORN_VC4,,right,AN
941,720575940625712985,afferent,sensory,olfactory,,,ORN_VM3,,left,AN
963,720575940616439697,afferent,sensory,olfactory,,,ORN_VM7d,,right,MxLbN
965,720575940622526355,afferent,sensory,olfactory,,ORN_VC3,ORN_VC3l,,right,AN
971,720575940628277147,afferent,sensory,olfactory,,,ORN_DP1l,,right,AN
976,720575940639451043,afferent,sensory,olfactory,,,ORN_V,,right,AN
979,720575940627318696,afferent,sensory,olfactory,,,ORN_DA2,,left,AN
980,720575940621182889,afferent,sensory,olfactory,,,ORN_DC2,,left,AN
983,720575940619429803,afferent,sensory,olfactory,,ORN_VC5,ORN_VC3m,,left,AN
988,720575940611475370,afferent,sensory,olfactory,,,ORN_VM1,,left,AN
999,720575940623771580,afferent,sensory,olfactory,,,ORN_V,,left,AN
1007,720575940610287566,afferent,sensory,olfactory,,ORN_VC3,ORN_VC3l,,right,AN
1013,720575940614522847,afferent,sensory,olfactory,,,ORN_DM1,,right,AN
1024,720575940628621316,afferent,sensory,olfactory,,,ORN_DM1,,left,AN
1029,720575940628285450,afferent,sensory,olfactory,,,ORN_DP1l,,right,AN
1033,720575940630284306,afferent,sensory,olfactory,,,ORN_D,,right,AN
1037,720575940616546333,afferent,sensory,olfactory,,,ORN_DM1,,right,AN
1038,720575940620421153,afferent,sensory,olfactory,,,ORN_DL2v,,left,AN
1046,720575940626630699,afferent,sensory,olfactory,,ORN_VM6l,ORN_VC5,,left,AN
1050,720575940616398898,afferent,sensory,olfactory,,,ORN_DM2,,left,AN
1059,720575940629424195,afferent,sensory,olfactory,,,ORN_V,,left,AN
1067,720575940631234643,afferent,sensory,olfactory,,,ORN_VC1,,left,MxLbN
1077,720575940635838565,afferent,sensory,olfactory,,,ORN_DL1,,left,AN
1087,720575940621166719,afferent,sensory,olfactory,,,ORN_VL2p,,right,AN
1093,720575940626614405,afferent,sensory,olfactory,,,ORN_DP1m,,right,AN
1099,720575940626811023,afferent,sensory,olfactory,,,ORN_DP1m,,right,AN
1104,720575940611762329,afferent,sensory,olfactory,,,ORN_DL2d,,right,AN
1106,720575940616857757,afferent,sensory,olfactory,,ORN_VC5,ORN_VC3m,,right,AN
1109,720575940620224677,afferent,sensory,olfactory,,,ORN_D,,right,AN
1118,720575940624689336,afferent,sensory,olfactory,,,ORN_DM1,,right,AN
1123,720575940622477508,afferent,sensory,olfactory,,,ORN_DP1l,,left,AN
1135,720575940616653030,afferent,sensory,olfactory,,ORN_VM6v,ORN_VC5,,left,AN
1136,720575940623943914,afferent,sensory,olfactory,,ORN_VC5,ORN_VC3m,,right,AN
1147,720575940608313611,afferent,sensory,olfactory,,,ORN_DL1,,left,AN
1153,720575940624853276,afferent,sensory,olfactory,,,ORN_DL5,,right,AN
1158,720575940643842340,afferent,sensory,olfactory,,,ORN_DC1,,left,AN
1161,720575940622403881,afferent,sensory,olfactory,,,ORN_DC1,,right,AN
1163,720575940616923433,afferent,sensory,olfactory,,ORN_VM6m,ORN_VC5,,left,AN
1167,720575940631931183,afferent,sensory,olfactory,,,ORN_D,,right,AN
1168,720575940624369968,afferent,sensory,olfactory,,,ORN_VC2,,left,MxLbN
1185,720575940618946901,afferent,sensory,olfactory,,,ORN_DA2,,left,AN
1186,720575940615809366,afferent,sensory,olfactory,,,ORN_VC1,,left,MxLbN
1196,720575940639287667,afferent,sensory,olfactory,,,ORN_DC4,,left,AN
1198,720575940636002679,afferent,sensory,olfactory,,,ORN_VA7m,,right,AN
1200,720575940625795453,afferent,sensory,olfactory,,,ORN_V,,right,AN
1201,720575940629350782,afferent,sensory,olfactory,,,ORN_DM1,,left,AN
1202,720575940628564350,afferent,sensory,olfactory,,ORN_VM6v,ORN_VC5,,left,AN
1220,720575940614236575,afferent,sensory,olfactory,,,ORN_DC2,,right,AN
1222,720575940654500257,afferent,sensory,olfactory,,,ORN_D,,right,AN
1229,720575940627163560,afferent,sensory,olfactory,,,ORN_DM1,,right,AN
1240,720575940638607805,afferent,sensory,olfactory,,,ORN_DC3,,right,AN
1252,720575940621740493,afferent,sensory,olfactory,,,ORN_DP1l,,left,AN
1255,720575940613466577,afferent,sensory,olfactory,,,ORN_DM4,,right,AN
1271,720575940620511732,afferent,sensory,olfactory,,,ORN_V,,left,AN
1279,720575940630514191,afferent,sensory,olfactory,,ORN_VC5,ORN_VC3m,,right,AN
1285,720575940626737685,afferent,sensory,olfactory,,,ORN_DM4,,left,AN
1293,720575940620831265,afferent,sensory,olfactory,,,ORN_VA2,,right,AN
1303,720575940628597291,afferent,sensory,olfactory,,,ORN_DL5,,right,AN
1305,720575940631595562,afferent,sensory,olfactory,,,ORN_VC4,,right,AN
1313,720575940630424121,afferent,sensory,olfactory,,ORN_VC3,ORN_VC3l,,right,AN
1321,720575940622084681,afferent,sensory,olfactory,,ORN_VM6v,ORN_VC5,,left,AN
1322,720575940630547019,afferent,sensory,olfactory,,,ORN_VA5,,left,AN
1324,720575940626868818,afferent,sensory,olfactory,,,ORN_DM1,,left,AN
1328,720575940624853600,afferent,sensory,olfactory,,,ORN_DP1l,,right,AN
1329,720575940610108002,afferent,sensory,olfactory,,,ORN_DM4,,left,AN
1331,720575940627253865,afferent,sensory,olfactory,,,ORN_DM1,,left,AN
1333,720575940636052080,afferent,sensory,olfactory,,,ORN_VA2,,left,AN
1337,720575940620675711,afferent,sensory,olfactory,,,ORN_VM7d,,left,MxLbN
1339,720575940626147971,afferent,sensory,olfactory,,,ORN_DM2,,right,AN
1347,720575940633422490,afferent,sensory,olfactory,,,ORN_VC1,,left,MxLbN
1360,720575940619791019,afferent,sensory,olfactory,,,ORN_D,,right,AN
1368,720575940622281399,afferent,sensory,olfactory,,,ORN_DM1,,left,AN
1375,720575940630285007,afferent,sensory,olfactory,,,ORN_VA3,,left,AN
1377,720575940631964371,afferent,sensory,olfactory,,,ORN_DL5,,right,AN
1380,720575940633938657,afferent,sensory,olfactory,,ORN_VM6v,ORN_VC5,,right,AN
1385,720575940617874150,afferent,sensory,olfactory,,,ORN_DC3,,left,AN
1386,720575940623854311,afferent,sensory,olfactory,,,ORN_V,,left,AN
1398,720575940628703993,afferent,sensory,olfactory,,ORN_VM6v,ORN_VC5,,right,AN
1400,720575940616923905,afferent,sensory,olfactory,,,ORN_DL2v,,left,AN
1403,720575940622977799,afferent,sensory,olfactory,,,ORN_DL2v,,left,AN
1406,720575940626213642,afferent,sensory,olfactory,,,ORN_VM7d,,right,MxLbN
1407,720575940608273163,afferent,sensory,olfactory,,,ORN_VC4,,left,AN
1408,720575940607085323,afferent,sensory,olfactory,,ORN_VM6m,ORN_VC5,,left,AN
1412,720575940626631441,afferent,sensory,olfactory,,,ORN_DC2,,right,AN
1414,720575940626565907,afferent,sensory,olfactory,,,ORN_VC1,,right,MxLbN
1419,720575940614548253,afferent,sensory,olfactory,,,ORN_V,,left,AN
1423,720575940645808931,afferent,sensory,olfactory,,ORN_VM6v,ORN_VC5,,right,AN
1425,720575940616923945,afferent,sensory,olfactory,,,ORN_V,,left,AN
1431,720575940616203067,afferent,sensory,olfactory,,,ORN_DM2,,right,AN
1443,720575940639427416,afferent,sensory,olfactory,,,ORN_DM1,,left,AN
1444,720575940633471839,afferent,sensory,olfactory,,,ORN_DM1,,right,AN
1449,720575940627606375,afferent,sensory,olfactory,,,ORN_DP1l,,right,AN
1452,720575940638116723,afferent,sensory,olfactory,,,ORN_DL2d,,right,AN
1453,720575940620028788,afferent,sensory,olfactory,,,ORN_DM1,,right,AN
1454,720575940638165875,afferent,sensory,olfactory,,,ORN_VC1,,left,MxLbN
1455,720575940629588854,afferent,sensory,olfactory,,,ORN_DC3,,left,AN
1456,720575940649134969,afferent,sensory,olfactory,,,ORN_DM2,,right,AN
1457,720575940628499322,afferent,sensory,olfactory,,,ORN_V,,left,AN
1461,720575940628769662,afferent,sensory,olfactory,,,ORN_VL2p,,right,AN
1466,720575940646308740,afferent,sensory,olfactory,,,ORN_VL2p,,right,AN
1472,720575940635978638,afferent,sensory,olfactory,,,ORN_DL5,,right,AN
1483,720575940614212514,afferent,sensory,olfactory,,,ORN_DM4,,right,AN
1490,720575940611845034,afferent,sensory,olfactory,,,ORN_DC1,,right,AN
1491,720575940612901807,afferent,sensory,olfactory,,,ORN_V,,left,AN
1492,720575940605742002,afferent,sensory,olfactory,,,ORN_DC1,,right,AN
1501,720575940622961604,afferent,sensory,olfactory,,ORN_VC3,ORN_VC3l,,right,AN
1511,720575940629965788,afferent,sensory,olfactory,,,ORN_D,,right,AN
1514,720575940634733537,afferent,sensory,olfactory,,ORN_VM6v,ORN_VC5,,left,AN
1522,720575940612615149,afferent,sensory,olfactory,,,ORN_VL2p,,right,AN
1524,720575940619373551,afferent,sensory,olfactory,,,ORN_DL1,,left,AN
1530,720575940629154810,afferent,sensory,olfactory,,,ORN_DC1,,right,AN
1540,720575940626893834,afferent,sensory,olfactory,,ORN_VC3,ORN_VC3l,,left,AN
1542,720575940619725844,afferent,sensory,olfactory,,,ORN_DM2,,right,AN
1562,720575940615146562,afferent,sensory,olfactory,,,ORN_DC4,,right,AN
1565,720575940610124868,afferent,sensory,olfactory,,,ORN_D,,left,AN
1566,720575940623567945,afferent,sensory,olfactory,,,ORN_VM7d,,right,MxLbN
1573,720575940638026842,afferent,sensory,olfactory,,,ORN_V,,left,AN
1576,720575940634078303,afferent,sensory,olfactory,,,ORN_DM4,,left,AN
1580,720575940621585507,afferent,sensory,olfactory,,ORN_VC3,ORN_VC3l,,right,AN
1581,720575940625583204,afferent,sensory,olfactory,,,ORN_DC4,,right,AN
1583,720575940636093541,afferent,sensory,olfactory,,,ORN_DM1,,right,AN
1590,720575940634913911,afferent,sensory,olfactory,,,ORN_VA7l,,left,MxLbN
1596,720575940621044863,afferent,sensory,olfactory,,,ORN_VA3,,right,AN
1607,720575940614327442,afferent,sensory,olfactory,,,ORN_DC2,,right,AN
1627,720575940625337546,afferent,sensory,olfactory,,,ORN_D,,left,AN
1630,720575940639116496,afferent,sensory,olfactory,,,ORN_VM7d,,left,MxLbN
1637,720575940621315293,afferent,sensory,olfactory,,,ORN_V,,left,AN
1647,720575940621192436,afferent,sensory,olfactory,,,ORN_V,,left,AN
1657,720575940627000582,afferent,sensory,olfactory,,,ORN_DP1m,,right,AN
1663,720575940614778124,afferent,sensory,olfactory,,ORN_VC3,ORN_VC3l,,left,AN
1670,720575940617825563,afferent,sensory,olfactory,,,ORN_DM1,,right,AN
1672,720575940614548765,afferent,sensory,olfactory,,,ORN_V,,left,AN
1677,720575940645686564,afferent,sensory,olfactory,,,ORN_DC4,,right,AN
1679,720575940617989417,afferent,sensory,olfactory,,,ORN_V,,left,AN
1684,720575940631014703,afferent,sensory,olfactory,,,ORN_DL1,,right,AN
1696,720575940631842119,afferent,sensory,olfactory,,,ORN_DC4,,right,AN
1701,720575940626984274,afferent,sensory,olfactory,,,ORN_DL1,,right,AN
1705,720575940621307230,afferent,sensory,olfactory,,,ORN_VM7d,,right,MxLbN
1707,720575940633259360,afferent,sensory,olfactory,,,ORN_DL5,,right,AN
1715,720575940635757936,afferent,sensory,olfactory,,,ORN_DM1,,right,AN
1724,720575940637887872,afferent,sensory,olfactory,,ORN_VM6v,ORN_VC5,,right,AN
1725,720575940658539905,afferent,sensory,olfactory,,,ORN_D,,left,AN
1731,720575940624739728,afferent,sensory,olfactory,,,ORN_DL2v,,right,AN
1733,720575940624878992,afferent,sensory,olfactory,,,ORN_VL2p,,right,AN
1735,720575940626107800,afferent,sensory,olfactory,,,ORN_DP1l,,left,AN
1737,720575940635094426,afferent,sensory,olfactory,,,ORN_DM2,,left,AN
1741,720575940653829537,afferent,sensory,olfactory,,,ORN_DM4,,left,AN
1743,720575940640837027,afferent,sensory,olfactory,,,ORN_VM7v,,right,MxLbN
1747,720575940635159982,afferent,sensory,olfactory,,,ORN_VM7d,,left,MxLbN
1750,720575940620217782,afferent,sensory,olfactory,,,ORN_DC2,,left,AN
1762,720575940619111883,afferent,sensory,olfactory,,ORN_VC3,ORN_VC3l,,left,AN
1763,720575940632014284,afferent,sensory,olfactory,,,ORN_DL2v,,right,AN
1765,720575940610059726,afferent,sensory,olfactory,,,ORN_DM1,,right,AN
1771,720575940629728732,afferent,sensory,olfactory,,,ORN_DM1,,right,AN
1783,720575940623265258,afferent,sensory,olfactory,,,ORN_D,,left,AN
1790,720575940626779644,afferent,sensory,olfactory,,,ORN_DM1,,left,AN
1797,720575940626607626,afferent,sensory,olfactory,,,ORN_VA3,,right,AN
1805,720575940616924701,afferent,sensory,olfactory,,,ORN_VM5v,,right,AN
1818,720575940632284717,afferent,sensory,olfactory,,ORN_VC5,ORN_VC3m,,left,AN
1823,720575940629343799,afferent,sensory,olfactory,,,ORN_DL2d,,left,AN
1826,720575940616482363,afferent,sensory,olfactory,,,ORN_DC1,,right,AN
1829,720575940617899584,afferent,sensory,olfactory,,,ORN_VL2p,,left,AN
1831,720575940616793669,afferent,sensory,olfactory,,,ORN_VM1,,left,AN
1835,720575940630662737,afferent,sensory,olfactory,,,ORN_DM4,,left,AN
1838,720575940617645652,afferent,sensory,olfactory,,,ORN_DM2,,left,AN
1842,720575940638871128,afferent,sensory,olfactory,,,ORN_VA7m,,right,AN
1851,720575940614155882,afferent,sensory,olfactory,,,ORN_VC1,,right,MxLbN
1859,720575940619210375,afferent,sensory,olfactory,,,ORN_D,,right,AN
1865,720575940624223888,afferent,sensory,olfactory,,,ORN_DM1,,left,AN
1866,720575940624641680,afferent,sensory,olfactory,,,ORN_VC4,,right,AN
1870,720575940633857687,afferent,sensory,olfactory,,,ORN_VC2,,right,MxLbN
1890,720575940625657530,afferent,sensory,olfactory,,,ORN_DC4,,left,AN
1895,720575940620193472,afferent,sensory,olfactory,,ORN_VM6v,ORN_VC5,,right,AN
1902,720575940632637139,afferent,sensory,olfactory,,,ORN_DL5,,right,AN
1907,720575940629728988,afferent,sensory,olfactory,,,ORN_DM4,,right,AN
1909,720575940615302879,afferent,sensory,olfactory,,,ORN_DM4,,left,AN
1923,720575940622987007,afferent,sensory,olfactory,,,ORN_DC1,,right,AN
1928,720575940626976522,afferent,sensory,olfactory,,,ORN_DM1,,right,AN
1937,720575940621897496,afferent,sensory,olfactory,,,ORN_VA3,,left,AN
1947,720575940615089970,afferent,sensory,olfactory,,,ORN_DL5,,right,AN
1954,720575940629253948,afferent,sensory,olfactory,,,ORN_DL1,,right,AN
1958,720575940617056064,afferent,sensory,olfactory,,,ORN_DL5,,left,AN
1967,720575940630105931,afferent,sensory,olfactory,,,ORN_VM5d,,left,AN
1971,720575940626534226,afferent,sensory,olfactory,,,ORN_DM4,,left,AN
1975,720575940628205417,afferent,sensory,olfactory,,,ORN_DC3,,right,AN
1981,720575940636741488,afferent,sensory,olfactory,,,ORN_DM2,,left,AN
1991,720575940647088004,afferent,sensory,olfactory,,,ORN_DM1,,right,AN
1993,720575940645728132,afferent,sensory,olfactory,,,ORN_DP1m,,right,AN
2011,720575940623085495,afferent,sensory,olfactory,,,ORN_DM2,,left,AN
2013,720575940633915327,afferent,sensory,olfactory,,,ORN_VL2p,,right,AN
2026,720575940629270487,afferent,sensory,olfactory,,,ORN_D,,left,AN
2042,720575940629049335,afferent,sensory,olfactory,,,ORN_DC3,,left,AN
2043,720575940622651389,afferent,sensory,olfactory,,,ORN_DM1,,left,AN
2048,720575940623831054,afferent,sensory,olfactory,,,ORN_V,,right,AN
2060,720575940627370027,afferent,sensory,olfactory,,,ORN_DC4,,right,AN
2061,720575940629557292,afferent,sensory,olfactory,,,ORN_DC2,,right,AN
2064,720575940631998511,afferent,sensory,olfactory,,,ORN_VA7m,,left,AN
2068,720575940646514740,afferent,sensory,olfactory,,,ORN_D,,right,AN
2069,720575940638666805,afferent,sensory,olfactory,,,ORN_VC4,,right,AN
2070,720575940617433142,afferent,sensory,olfactory,,,ORN_DP1m,,left,AN
2074,720575940625821758,afferent,sensory,olfactory,,,ORN_DM1,,left,AN
2076,720575940619702337,afferent,sensory,olfactory,,,ORN_DM1,,right,AN
2098,720575940615696490,afferent,sensory,olfactory,,,ORN_DP1m,,left,AN
2099,720575940613664874,afferent,sensory,olfactory,,,ORN_DP1m,,left,AN
2103,720575940635562096,afferent,sensory,olfactory,,,ORN_DM1,,left,AN
2108,720575940629098618,afferent,sensory,olfactory,,,ORN_VA3,,left,AN
2109,720575940618784891,afferent,sensory,olfactory,,ORN_VM6m,ORN_VC5,,right,AN
2112,720575940629000318,afferent,sensory,olfactory,,,ORN_VM7v,,right,MxLbN
2113,720575940620202111,afferent,sensory,olfactory,,,ORN_DM4,,right,AN
2122,720575940631474316,afferent,sensory,olfactory,,,ORN_DM4,,right,AN
2125,720575940611068053,afferent,sensory,olfactory,,ORN_VC3,ORN_VC3l,,left,AN
2134,720575940638511267,afferent,sensory,olfactory,,,ORN_DL2v,,right,AN
2137,720575940619243691,afferent,sensory,olfactory,,,ORN_DL5,,left,AN
2138,720575940634013869,afferent,sensory,olfactory,,,ORN_DL2v,,right,AN
2139,720575940605661361,afferent,sensory,olfactory,,,ORN_VA7m,,right,AN
2143,720575940638576829,afferent,sensory,olfactory,,,ORN_DM2,,left,AN
2146,720575940620177601,afferent,sensory,olfactory,,ORN_VM6m,ORN_VC5,,right,AN
2147,720575940619169985,afferent,sensory,olfactory,,,ORN_D,,right,AN
2152,720575940609929426,afferent,sensory,olfactory,,,ORN_DL1,,left,AN
2161,720575940633080033,afferent,sensory,olfactory,,ORN_VC3,ORN_VC3l,,right,AN
2165,720575940623151339,afferent,sensory,olfactory,,,ORN_VM7d,,left,MxLbN
2169,720575940621373680,afferent,sensory,olfactory,,,ORN_DL1,,left,AN
2173,720575940651553014,afferent,sensory,olfactory,,,ORN_VC4,,right,AN
2194,720575940644237591,afferent,sensory,olfactory,,,ORN_DM2,,left,AN
2196,720575940625305884,afferent,sensory,olfactory,,ORN_VC3,ORN_VC3l,,left,AN
2197,720575940625273116,afferent,sensory,olfactory,,,ORN_VM7d,,right,MxLbN
2203,720575940631228719,afferent,sensory,olfactory,,,ORN_DM2,,right,AN
2210,720575940638683453,afferent,sensory,olfactory,,,ORN_DC1,,left,AN
2211,720575940633817405,afferent,sensory,olfactory,,,ORN_V,,left,AN
2219,720575940626698568,afferent,sensory,olfactory,,,ORN_VC2,,left,MxLbN
2223,720575940617695572,afferent,sensory,olfactory,,,ORN_D,,left,AN
2225,720575940616532310,afferent,sensory,olfactory,,ORN_VM6v,ORN_VC5,,left,AN
2228,720575940607865180,afferent,sensory,olfactory,,,ORN_VC2,,right,MxLbN
2229,720575940617007453,afferent,sensory,olfactory,,ORN_VC3,ORN_VC3l,,right,AN
2231,720575940619891041,afferent,sensory,olfactory,,,ORN_D,,left,AN
2233,720575940631925096,afferent,sensory,olfactory,,ORN_VM6v,ORN_VC5,,left,AN
2235,720575940630196588,afferent,sensory,olfactory,,ORN_VC5,ORN_VC3m,,left,AN
2249,720575940625502595,afferent,sensory,olfactory,,,ORN_VA3,,left,AN
2250,720575940622512522,afferent,sensory,olfactory,,,ORN_V,,right,AN
2251,720575940631925132,afferent,sensory,olfactory,,,ORN_DM2,,left,AN
2260,720575940618539422,afferent,sensory,olfactory,,,ORN_DM1,,right,AN
2261,720575940642599328,afferent,sensory,olfactory,,,ORN_DP1m,,right,AN
2262,720575940655010209,afferent,sensory,olfactory,,,ORN_DM2,,right,AN
2274,720575940638773693,afferent,sensory,olfactory,,,ORN_DC2,,left,AN
2282,720575940614926790,afferent,sensory,olfactory,,,ORN_DM4,,left,AN
2287,720575940622242253,afferent,sensory,olfactory,,,ORN_DP1m,,left,AN
2288,720575940630991308,afferent,sensory,olfactory,,,ORN_VA4,,left,MxLbN
2290,720575940610724306,afferent,sensory,olfactory,,,ORN_DL5,,right,AN
2291,720575940631941587,afferent,sensory,olfactory,,,ORN_VC2,,left,MxLbN
2310,720575940623045117,afferent,sensory,olfactory,,,ORN_VM7d,,right,MxLbN
2312,720575940628599296,afferent,sensory,olfactory,,,ORN_DP1m,,left,AN
2317,720575940621873677,afferent,sensory,olfactory,,,ORN_VA3,,left,AN
2323,720575940626199059,afferent,sensory,olfactory,,,ORN_VM7d,,left,MxLbN
2329,720575940644590116,afferent,sensory,olfactory,,,ORN_DA2,,right,AN
2332,720575940627214891,afferent,sensory,olfactory,,,ORN_DP1m,,right,AN
2335,720575940609577518,afferent,sensory,olfactory,,,ORN_DP1l,,right,AN
2341,720575940614844994,afferent,sensory,olfactory,,,ORN_DC4,,right,AN
2345,720575940623503945,afferent,sensory,olfactory,,,ORN_DC4,,right,AN
2355,720575940608053852,afferent,sensory,olfactory,,,ORN_DL5,,right,AN
2356,720575940621611614,afferent,sensory,olfactory,,,ORN_DL1,,left,AN
2367,720575940618293883,afferent,sensory,olfactory,,,ORN_DP1m,,right,AN
2383,720575940634776218,afferent,sensory,olfactory,,,ORN_DC1,,right,AN
2387,720575940639093411,afferent,sensory,olfactory,,ORN_VM6l,ORN_VC5,,right,AN
2390,720575940626829992,afferent,sensory,olfactory,,ORN_VM6l,ORN_VC5,,right,AN
2393,720575940619219627,afferent,sensory,olfactory,,,ORN_DP1m,,right,AN
2395,720575940631737005,afferent,sensory,olfactory,,,ORN_VM5d,,left,AN
2399,720575940638339773,afferent,sensory,olfactory,,,ORN_DC2,,left,AN
2403,720575940610519747,afferent,sensory,olfactory,,ORN_VC5,ORN_VC3m,,left,AN
2404,720575940630696645,afferent,sensory,olfactory,,,ORN_V,,right,AN
2406,720575940612674257,afferent,sensory,olfactory,,,ORN_DL5,,left,AN
2408,720575940616311513,afferent,sensory,olfactory,,,ORN_D,,right,AN
2411,720575940612559587,afferent,sensory,olfactory,,,ORN_VC4,,right,AN
2413,720575940627043048,afferent,sensory,olfactory,,,ORN_VM1,,left,AN
2426,720575940625814274,afferent,sensory,olfactory,,ORN_VM6v,ORN_VC5,,right,AN
2442,720575940632351513,afferent,sensory,olfactory,,,ORN_VC1,,left,MxLbN
2444,720575940620997409,afferent,sensory,olfactory,,ORN_VM6v,ORN_VC5,,right,AN
2445,720575940617990953,afferent,sensory,olfactory,,ORN_VM6m,ORN_VC5,,left,AN
2446,720575940628599595,afferent,sensory,olfactory,,,ORN_DM4,,right,AN
2449,720575940617351990,afferent,sensory,olfactory,,,ORN_DM1,,right,AN
2453,720575940620522305,afferent,sensory,olfactory,,,ORN_VC1,,right,MxLbN
2462,720575940633367377,afferent,sensory,olfactory,,,ORN_DP1m,,right,AN
2464,720575940631450451,afferent,sensory,olfactory,,,ORN_DC4,,left,AN
2484,720575940625757053,afferent,sensory,olfactory,,,ORN_VA2,,left,AN
2502,720575940627239848,afferent,sensory,olfactory,,,ORN_VC1,,right,MxLbN
2503,720575940627805096,afferent,sensory,olfactory,,,ORN_DA2,,right,AN
2504,720575940611773354,afferent,sensory,olfactory,,ORN_VC3,ORN_VC3l,,right,AN
2509,720575940614427567,afferent,sensory,olfactory,,ORN_VM6m,ORN_VC5,,left,AN
2513,720575940623274935,afferent,sensory,olfactory,,,ORN_DP1m,,left,AN
2516,720575940638249917,afferent,sensory,olfactory,,ORN_VM6v,ORN_VC5,,right,AN
2517,720575940620071872,afferent,sensory,olfactory,,,ORN_DM1,,left,AN
2519,720575940630696901,afferent,sensory,olfactory,,,ORN_DL5,,left,AN
2521,720575940624716746,afferent,sensory,olfactory,,,ORN_DC4,,right,AN
2524,720575940632458195,afferent,sensory,olfactory,,,ORN_VA7l,,right,MxLbN
2549,720575940626240522,afferent,sensory,olfactory,,ORN_VC3,ORN_VC3l,,right,AN
2555,720575940626674707,afferent,sensory,olfactory,,,ORN_DC1,,left,AN
2562,720575940620981274,afferent,sensory,olfactory,,,ORN_DP1l,,right,AN
2568,720575940623610919,afferent,sensory,olfactory,,,ORN_VM5d,,right,AN
2569,720575940623799335,afferent,sensory,olfactory,,,ORN_DC1,,left,AN
2571,720575940629918762,afferent,sensory,olfactory,,,ORN_DM1,,left,AN
2573,720575940631630893,afferent,sensory,olfactory,,,ORN_DP1m,,right,AN
2575,720575940638872629,afferent,sensory,olfactory,,,ORN_D,,left,AN
2585,720575940627526735,afferent,sensory,olfactory,,,ORN_DM1,,left,AN
2586,720575940630664273,afferent,sensory,olfactory,,,ORN_DM1,,left,AN
2588,720575940616475732,afferent,sensory,olfactory,,,ORN_VA4,,left,MxLbN
2591,720575940633883744,afferent,sensory,olfactory,,,ORN_DP1m,,left,AN
2593,720575940624045155,afferent,sensory,olfactory,,,ORN_DM1,,right,AN
2599,720575940638069875,afferent,sensory,olfactory,,,ORN_DL1,,right,AN
2603,720575940628632702,afferent,sensory,olfactory,,,ORN_DM4,,left,AN
2606,720575940659770497,afferent,sensory,olfactory,,,ORN_DL1,,left,AN
2608,720575940626601093,afferent,sensory,olfactory,,,ORN_VA7m,,left,AN
2610,720575940631450764,afferent,sensory,olfactory,,,ORN_DC2,,right,AN
2611,720575940631295116,afferent,sensory,olfactory,,,ORN_DM2,,right,AN
2619,720575940611830937,afferent,sensory,olfactory,,,ORN_VM7d,,right,MxLbN
2630,720575940622685367,afferent,sensory,olfactory,,,ORN_DM2,,left,AN
2633,720575940624037052,afferent,sensory,olfactory,,,ORN_DM4,,right,AN
2640,720575940642968776,afferent,sensory,olfactory,,,ORN_V,,left,AN
2641,720575940611085518,afferent,sensory,olfactory,,ORN_VM6m,ORN_VC5,,left,AN
2654,720575940637226212,afferent,sensory,olfactory,,,ORN_DC3,,left,AN
2658,720575940627322088,afferent,sensory,olfactory,,,ORN_V,,right,AN
2662,720575940620023024,afferent,sensory,olfactory,,,ORN_DP1l,,right,AN
2665,720575940628976887,afferent,sensory,olfactory,,,ORN_DP1l,,left,AN
2668,720575940628673786,afferent,sensory,olfactory,,,ORN_DC3,,left,AN
2669,720575940630738171,afferent,sensory,olfactory,,,ORN_D,,left,AN
2670,720575940629099770,afferent,sensory,olfactory,,,ORN_VM7v,,right,MxLbN
2674,720575940616713473,afferent,sensory,olfactory,,,ORN_DM2,,left,AN
2675,720575940625495298,afferent,sensory,olfactory,,,ORN_VM3,,left,AN
2677,720575940625044743,afferent,sensory,olfactory,,,ORN_DL1,,left,AN
2678,720575940622972167,afferent,sensory,olfactory,,,ORN_DM4,,right,AN
2679,720575940606915849,afferent,sensory,olfactory,,,ORN_DP1l,,left,AN
2691,720575940625028380,afferent,sensory,olfactory,,,ORN_DL1,,right,AN
2697,720575940644902179,afferent,sensory,olfactory,,,ORN_VM7d,,left,MxLbN
2706,720575940613051699,afferent,sensory,olfactory,,,ORN_VC1,,left,MxLbN
2707,720575940637472053,afferent,sensory,olfactory,,,ORN_DM1,,left,AN
2709,720575940618343734,afferent,sensory,olfactory,,,ORN_VC1,,right,MxLbN
2711,720575940633802045,afferent,sensory,olfactory,,,ORN_V,,left,AN
2713,720575940637087039,afferent,sensory,olfactory,,,ORN_D,,right,AN
2718,720575940623496521,afferent,sensory,olfactory,,,ORN_DC1,,right,AN
2723,720575940615681366,afferent,sensory,olfactory,,,ORN_VM5v,,right,AN
2725,720575940633998687,afferent,sensory,olfactory,,ORN_VM6l,ORN_VC5,,right,AN
2741,720575940629009786,afferent,sensory,olfactory,,,ORN_VA3,,right,AN
2745,720575940639004032,afferent,sensory,olfactory,,ORN_VC5,ORN_VC3m,,left,AN
2746,720575940659164545,afferent,sensory,olfactory,,,ORN_DL2v,,left,AN
2747,720575940608324994,afferent,sensory,olfactory,,,ORN_VA3,,left,AN
2748,720575940647097732,afferent,sensory,olfactory,,,ORN_DM2,,left,AN
2752,720575940616140171,afferent,sensory,olfactory,,,ORN_VM7d,,left,MxLbN
2755,720575940610864533,afferent,sensory,olfactory,,,ORN_DC4,,right,AN
2757,720575940612634009,afferent,sensory,olfactory,,ORN_VM6m,ORN_VC5,,right,AN
2761,720575940653913505,afferent,sensory,olfactory,,,ORN_VL2p,,right,AN
2769,720575940619761072,afferent,sensory,olfactory,,,ORN_DL1,,right,AN
2774,720575940623979960,afferent,sensory,olfactory,,ORN_VM6m,ORN_VC5,,left,AN
2777,720575940614559163,afferent,sensory,olfactory,,,ORN_DM1,,left,AN
2786,720575940639487440,afferent,sensory,olfactory,,,ORN_VM5v,,right,AN
2787,720575940613084625,afferent,sensory,olfactory,,,ORN_VM3,,right,AN
2792,720575940620023261,afferent,sensory,olfactory,,ORN_VM6l,ORN_VC5,,left,AN
2804,720575940628690423,afferent,sensory,olfactory,,,ORN_DL2d,,right,AN
2807,720575940626879996,afferent,sensory,olfactory,,,ORN_DL1,,right,AN
2813,720575940623971848,afferent,sensory,olfactory,,,ORN_DL5,,left,AN
2819,720575940627363349,afferent,sensory,olfactory,,,ORN_DL5,,left,AN
2823,720575940631393823,afferent,sensory,olfactory,,,ORN_VM5d,,left,AN
2834,720575940628624956,afferent,sensory,olfactory,,,ORN_VC1,,left,MxLbN
2840,720575940631090759,afferent,sensory,olfactory,,,ORN_VL2p,,right,AN
2849,720575940616377942,afferent,sensory,olfactory,,,ORN_D,,right,AN
2854,720575940621309534,afferent,sensory,olfactory,,,ORN_VC1,,left,MxLbN
2857,720575940620015201,afferent,sensory,olfactory,,,ORN_DM4,,right,AN
2860,720575940646540910,afferent,sensory,olfactory,,,ORN_VA2,,left,AN
2861,720575940635072111,afferent,sensory,olfactory,,,ORN_DC1,,right,AN
2862,720575940636767856,afferent,sensory,olfactory,,,ORN_DP1m,,left,AN
2864,720575940611208818,afferent,sensory,olfactory,,,ORN_VM7d,,left,MxLbN
2865,720575940611905138,afferent,sensory,olfactory,,,ORN_DL5,,left,AN
2875,720575940620719743,afferent,sensory,olfactory,,,ORN_DL5,,right,AN
2881,720575940615427734,afferent,sensory,olfactory,,,ORN_DA2,,right,AN
2882,720575940633671319,afferent,sensory,olfactory,,,ORN_DC1,,left,AN
2886,720575940615657119,afferent,sensory,olfactory,,,ORN_DL5,,right,AN
2889,720575940638455459,afferent,sensory,olfactory,,,ORN_DL1,,left,AN
2890,720575940613396130,afferent,sensory,olfactory,,,ORN_VC4,,left,AN
2897,720575940631885485,afferent,sensory,olfactory,,,ORN_VL2p,,right,AN
2910,720575940615747259,afferent,sensory,olfactory,,,ORN_DM2,,left,AN
2916,720575940629591746,afferent,sensory,olfactory,,,ORN_DC3,,right,AN
2919,720575940642936520,afferent,sensory,olfactory,,,ORN_D,,left,AN
2929,720575940637013726,afferent,sensory,olfactory,,,ORN_D,,right,AN
2932,720575940611430117,afferent,sensory,olfactory,,,ORN_VM1,,left,AN
2934,720575940623267559,afferent,sensory,olfactory,,,ORN_DP1l,,right,AN
2943,720575940634818296,afferent,sensory,olfactory,,,ORN_VC1,,right,MxLbN
2945,720575940627060476,afferent,sensory,olfactory,,,ORN_VC4,,left,AN
2949,720575940626822916,afferent,sensory,olfactory,,,ORN_V,,left,AN
2951,720575940621424397,afferent,sensory,olfactory,,,ORN_DL5,,right,AN
2954,720575940628264721,afferent,sensory,olfactory,,,ORN_DP1m,,left,AN
2968,720575940626282298,afferent,sensory,olfactory,,,ORN_DC4,,right,AN
2972,720575940625946430,afferent,sensory,olfactory,,,ORN_D,,left,AN
2974,720575940619761473,afferent,sensory,olfactory,,,ORN_V,,right,AN
2984,720575940607637340,afferent,sensory,olfactory,,,ORN_V,,right,AN
2988,720575940627707753,afferent,sensory,olfactory,,,ORN_DP1l,,right,AN
2993,720575940643977070,afferent,sensory,olfactory,,,ORN_DM1,,right,AN
3002,720575940649154425,afferent,sensory,olfactory,,,ORN_VM7d,,right,MxLbN
3007,720575940630763390,afferent,sensory,olfactory,,,ORN_DP1l,,left,AN
3015,720575940610873237,afferent,sensory,olfactory,,,ORN_DC2,,right,AN
3028,720575940613437359,afferent,sensory,olfactory,,,ORN_DM2,,right,AN
3030,720575940620392374,afferent,sensory,olfactory,,,ORN_DL2v,,right,AN
3033,720575940625127354,afferent,sensory,olfactory,,,ORN_DM4,,left,AN
3047,720575940616886228,afferent,sensory,olfactory,,,ORN_DM2,,right,AN
3051,720575940616566745,afferent,sensory,olfactory,,,ORN_DC1,,right,AN
3064,720575940629567473,afferent,sensory,olfactory,,,ORN_DL2v,,left,AN
3078,720575940610185221,afferent,sensory,olfactory,,,ORN_DP1m,,left,AN
3084,720575940614993932,afferent,sensory,olfactory,,,ORN_DL1,,left,AN
3086,720575940630132754,afferent,sensory,olfactory,,,ORN_VA3,,right,AN
3090,720575940629239852,afferent,sensory,olfactory,,,ORN_VL2p,,right,AN
3091,720575940629248044,afferent,sensory,olfactory,,,ORN_VM7d,,right,MxLbN
3098,720575940645345332,afferent,sensory,olfactory,,ORN_VC3,ORN_VC3l,,left,AN
3103,720575940639053885,afferent,sensory,olfactory,,,ORN_VC1,,right,MxLbN
3104,720575940620679233,afferent,sensory,olfactory,,,ORN_DM2,,left,AN
3108,720575940630411339,afferent,sensory,olfactory,,,ORN_DL1,,right,AN
3117,720575940633991263,afferent,sensory,olfactory,,,ORN_VC4,,left,AN
3118,720575940633311328,afferent,sensory,olfactory,,,ORN_DM2,,left,AN
3120,720575940635596901,afferent,sensory,olfactory,,,ORN_VA6,,left,AN
3121,720575940604704870,afferent,sensory,olfactory,,,ORN_VC4,,right,AN
3126,720575940628953210,afferent,sensory,olfactory,,,ORN_DP1m,,right,AN
3129,720575940620253311,afferent,sensory,olfactory,,,ORN_VM7d,,left,MxLbN
3132,720575940626282633,afferent,sensory,olfactory,,,ORN_DM4,,right,AN
3139,720575940624849040,afferent,sensory,olfactory,,,ORN_VA3,,right,AN
3141,720575940643002528,afferent,sensory,olfactory,,,ORN_DM4,,right,AN
3144,720575940605343921,afferent,sensory,olfactory,,,ORN_V,,right,AN
3145,720575940604352689,afferent,sensory,olfactory,,,ORN_DL5,,left,AN
3148,720575940620802230,afferent,sensory,olfactory,,,ORN_VM7d,,right,MxLbN
3149,720575940622276791,afferent,sensory,olfactory,,,ORN_DM1,,left,AN
3162,720575940618696920,afferent,sensory,olfactory,,,ORN_DM1,,right,AN
3163,720575940617058521,afferent,sensory,olfactory,,,ORN_DC3,,right,AN
3165,720575940640331995,afferent,sensory,olfactory,,ORN_VC3,ORN_VC3l,,right,AN
3168,720575940613699807,afferent,sensory,olfactory,,,ORN_V,,right,AN
3175,720575940623464683,afferent,sensory,olfactory,,,ORN_VL2p,,left,AN
3181,720575940623087859,afferent,sensory,olfactory,,,ORN_DP1m,,right,AN
3182,720575940640282869,afferent,sensory,olfactory,,,ORN_DM4,,left,AN
3185,720575940628429056,afferent,sensory,olfactory,,,ORN_DM1,,right,AN
3189,720575940620572933,afferent,sensory,olfactory,,,ORN_VA2,,left,AN
3199,720575940628707600,afferent,sensory,olfactory,,,ORN_VL2p,,left,AN
3204,720575940621654298,afferent,sensory,olfactory,,,ORN_DC4,,left,AN
3207,720575940612700450,afferent,sensory,olfactory,,,ORN_V,,left,AN
3213,720575940617984297,afferent,sensory,olfactory,,ORN_VM6m,ORN_VC5,,left,AN
3215,720575940628478251,afferent,sensory,olfactory,,,ORN_VC1,,left,MxLbN
3221,720575940613798195,afferent,sensory,olfactory,,,ORN_DL2v,,right,AN
3226,720575940629453116,afferent,sensory,olfactory,,,ORN_DC4,,left,AN
3227,720575940629707068,afferent,sensory,olfactory,,,ORN_VM7v,,left,MxLbN
3228,720575940629821756,afferent,sensory,olfactory,,ORN_VM6m,ORN_VC5,,right,AN
3241,720575940615723350,afferent,sensory,olfactory,,,ORN_DM1,,right,AN
3242,720575940625889625,afferent,sensory,olfactory,,ORN_VC5,ORN_VC3m,,right,AN
3264,720575940625611139,afferent,sensory,olfactory,,ORN_VM6l,ORN_VC5,,right,AN
3267,720575940618606983,afferent,sensory,olfactory,,,ORN_VM7v,,left,MxLbN
3268,720575940622440840,afferent,sensory,olfactory,,,ORN_DM2,,right,AN
3274,720575940611045781,afferent,sensory,olfactory,,,ORN_DC2,,left,AN
3275,720575940613740950,afferent,sensory,olfactory,,ORN_VC3,ORN_VC3l,,left,AN
3276,720575940633024924,afferent,sensory,olfactory,,,ORN_D,,left,AN
3281,720575940631353764,afferent,sensory,olfactory,,ORN_VC5,ORN_VC3m,,right,AN
3283,720575940636187054,afferent,sensory,olfactory,,,ORN_DM1,,left,AN
3292,720575940610464195,afferent,sensory,olfactory,,,ORN_DL2v,,right,AN
3296,720575940622604749,afferent,sensory,olfactory,,,ORN_D,,left,AN
3303,720575940607932885,afferent,sensory,olfactory,,,ORN_DC1,,left,AN
3305,720575940629977559,afferent,sensory,olfactory,,,ORN_VM7v,,right,MxLbN
3325,720575940622039551,afferent,sensory,olfactory,,,ORN_DM2,,left,AN
3326,720575940628601344,afferent,sensory,olfactory,,,ORN_DP1m,,left,AN
3327,720575940630174208,afferent,sensory,olfactory,,,ORN_VA3,,left,AN
3337,720575940645722660,afferent,sensory,olfactory,,,ORN_VL2p,,left,AN
3340,720575940643183140,afferent,sensory,olfactory,,,ORN_DC1,,right,AN
3342,720575940616903209,afferent,sensory,olfactory,,ORN_VM6l,ORN_VC5,,left,AN
3345,720575940629518892,afferent,sensory,olfactory,,,ORN_VC1,,right,MxLbN
3349,720575940616256059,afferent,sensory,olfactory,,,ORN_DL5,,left,AN
3357,720575940619565648,afferent,sensory,olfactory,,ORN_VM6m,ORN_VC5,,left,AN
3359,720575940638513752,afferent,sensory,olfactory,,,ORN_DP1m,,right,AN
3368,720575940620319329,afferent,sensory,olfactory,,,ORN_VA2,,left,AN
3372,720575940629043817,afferent,sensory,olfactory,,,ORN_VA3,,,AN
3382,720575940616944251,afferent,sensory,olfactory,,ORN_VM6m,ORN_VC5,,right,AN
3390,720575940613118610,afferent,sensory,olfactory,,,ORN_DP1m,,left,AN
3395,720575940625709720,afferent,sensory,olfactory,,,ORN_DL2d,,left,AN
3396,720575940612160153,afferent,sensory,olfactory,,,ORN_DL5,,left,AN
3397,720575940633213591,afferent,sensory,olfactory,,,ORN_DC3,,right,AN
3402,720575940621482665,afferent,sensory,olfactory,,,ORN_DP1m,,right,AN
3406,720575940635277998,afferent,sensory,olfactory,,,ORN_DL1,,right,AN
3407,720575940635146926,afferent,sensory,olfactory,,,ORN_DM1,,left,AN
3418,720575940619410123,afferent,sensory,olfactory,,ORN_VM6l,ORN_VC5,,left,AN
3420,720575940622547661,afferent,sensory,olfactory,,,ORN_DL5,,right,AN
3422,720575940639619792,afferent,sensory,olfactory,,,ORN_VC4,,left,AN
3425,720575940636809950,afferent,sensory,olfactory,,,ORN_VM1,,left,AN
3428,720575940631960290,afferent,sensory,olfactory,,,ORN_DC4,,left,AN
3430,720575940617362150,afferent,sensory,olfactory,,,ORN_VC4,,right,AN
3431,720575940629854953,afferent,sensory,olfactory,,,ORN_V,,right,AN
3434,720575940619385583,afferent,sensory,olfactory,,,ORN_DL2v,,left,AN
3438,720575940624366323,afferent,sensory,olfactory,,,ORN_VL2p,,right,AN
3441,720575940635081464,afferent,sensory,olfactory,,,ORN_VA3,,left,AN
3450,720575940622211845,afferent,sensory,olfactory,,ORN_VM6v,ORN_VC5,,right,AN
3452,720575940623235848,afferent,sensory,olfactory,,,ORN_VM5v,,right,AN
3453,720575940624964362,afferent,sensory,olfactory,,,ORN_V,,right,AN
3455,720575940624030478,afferent,sensory,olfactory,,,ORN_DM4,,left,AN
3457,720575940626856721,afferent,sensory,olfactory,,,ORN_VM7d,,right,MxLbN
3463,720575940626299678,afferent,sensory,olfactory,,ORN_VM6m,ORN_VC5,,right,AN
3467,720575940616903465,afferent,sensory,olfactory,,ORN_VM6m,ORN_VC5,,left,AN
3469,720575940617067305,afferent,sensory,olfactory,,,ORN_V,,left,AN
3475,720575940628749111,afferent,sensory,olfactory,,,ORN_DM1,,right,AN
3482,720575940615060290,afferent,sensory,olfactory,,ORN_VM6v,ORN_VC5,,left,AN
3497,720575940619451233,afferent,sensory,olfactory,,,ORN_DM1,,right,AN
3498,720575940605328230,afferent,sensory,olfactory,,,ORN_DM1,,left,AN
3499,720575940614691690,afferent,sensory,olfactory,,,ORN_DM4,,left,AN
3500,720575940635114347,afferent,sensory,olfactory,,,ORN_VL2p,,left,AN
3501,720575940629232492,afferent,sensory,olfactory,,,ORN_VA2,,left,AN
3503,720575940644076398,afferent,sensory,olfactory,,,ORN_VA2,,left,AN
3511,720575940649098105,afferent,sensory,olfactory,,,ORN_VM7d,,right,MxLbN
3514,720575940661296001,afferent,sensory,olfactory,,,ORN_DC2,,left,AN
3517,720575940641979277,afferent,sensory,olfactory,,,ORN_DM4,,right,AN
3518,720575940622891923,afferent,sensory,olfactory,,,ORN_DM1,,right,AN
3524,720575940617681822,afferent,sensory,olfactory,,,ORN_VA2,,left,AN
3528,720575940627454888,afferent,sensory,olfactory,,,ORN_DC1,,right,AN
3532,720575940619844534,afferent,sensory,olfactory,,,ORN_DM1,,right,AN
3537,720575940629380034,afferent,sensory,olfactory,,,ORN_DC1,,right,AN
3541,720575940643240904,afferent,sensory,olfactory,,,ORN_VA3,,right,AN
3548,720575940639415248,afferent,sensory,olfactory,,,ORN_DM4,,left,AN
3558,720575940611111907,afferent,sensory,olfactory,,ORN_VM6l,ORN_VC5,,left,AN
3566,720575940623129587,afferent,sensory,olfactory,,,ORN_DL5,,right,AN
3573,720575940621286405,afferent,sensory,olfactory,,,ORN_V,,right,AN
3574,720575940623981576,afferent,sensory,olfactory,,,ORN_D,,left,AN
3576,720575940624030734,afferent,sensory,olfactory,,,ORN_DM4,,left,AN
3587,720575940627586091,afferent,sensory,olfactory,,,ORN_V,,left,AN
3589,720575940631313455,afferent,sensory,olfactory,,,ORN_DC2,,right,AN
3605,720575940617739333,afferent,sensory,olfactory,,,ORN_DC2,,left,AN
3622,720575940629527670,afferent,sensory,olfactory,,,ORN_VM5d,,left,AN
3630,720575940626865289,afferent,sensory,olfactory,,,ORN_DC1,,left,AN
3635,720575940611161237,afferent,sensory,olfactory,,,ORN_DC2,,right,AN
3640,720575940618640542,afferent,sensory,olfactory,,,ORN_DL5,,right,AN
3646,720575940614110375,afferent,sensory,olfactory,,,ORN_DC2,,right,AN
3648,720575940621860009,afferent,sensory,olfactory,,,ORN_DL1,,right,AN
3651,720575940603911340,afferent,sensory,olfactory,,,ORN_VM5v,,left,AN
3652,720575940632108205,afferent,sensory,olfactory,,,ORN_VA3,,right,AN
3658,720575940614831291,afferent,sensory,olfactory,,,ORN_DL1,,right,AN
3667,720575940609924306,afferent,sensory,olfactory,,,ORN_DP1m,,left,AN
3668,720575940610686162,afferent,sensory,olfactory,,,ORN_DP1l,,right,AN
3669,720575940617534676,afferent,sensory,olfactory,,,ORN_DP1m,,right,AN
3681,720575940620705012,afferent,sensory,olfactory,,ORN_VC5,ORN_VC3m,,right,AN
3684,720575940634057976,afferent,sensory,olfactory,,,ORN_VC1,,left,MxLbN
3689,720575940627528964,afferent,sensory,olfactory,,,ORN_D,,left,AN
3692,720575940622564621,afferent,sensory,olfactory,,,ORN_DM1,,right,AN
3694,720575940626111761,afferent,sensory,olfactory,,,ORN_VL2p,,left,AN
3698,720575940614053149,afferent,sensory,olfactory,,,ORN_V,,left,AN
3707,720575940632091951,afferent,sensory,olfactory,,,ORN_DL2v,,right,AN
3711,720575940615257395,afferent,sensory,olfactory,,ORN_VC3,ORN_VC3l,,right,AN
3713,720575940629151031,afferent,sensory,olfactory,,,ORN_VM1,,left,AN
3722,720575940608376132,afferent,sensory,olfactory,,,ORN_DP1m,,left,AN
3726,720575940628290895,afferent,sensory,olfactory,,ORN_VC5,ORN_VC3m,,left,AN
3728,720575940631911761,afferent,sensory,olfactory,,ORN_VM6m,ORN_VC5,,right,AN
3733,720575940620148059,afferent,sensory,olfactory,,,ORN_DL2v,,left,AN
3736,720575940633353568,afferent,sensory,olfactory,,,ORN_VM5d,,left,AN
3744,720575940643757422,afferent,sensory,olfactory,,,ORN_VC2,,left,MxLbN
3748,720575940620303732,afferent,sensory,olfactory,,,ORN_DC4,,left,AN
3764,720575940614880671,afferent,sensory,olfactory,,,ORN_VM7v,,right,MxLbN
3767,720575940631625124,afferent,sensory,olfactory,,,ORN_DL1,,left,AN
3774,720575940623367607,afferent,sensory,olfactory,,,ORN_VA5,,right,AN
3775,720575940625341880,afferent,sensory,olfactory,,,ORN_DL5,,left,AN
3782,720575940624096708,afferent,sensory,olfactory,,,ORN_VA2,,right,AN
3784,720575940618821067,afferent,sensory,olfactory,,,ORN_DC1,,left,AN
3786,720575940630511055,afferent,sensory,olfactory,,,ORN_DL5,,left,AN
3795,720575940612455917,afferent,sensory,olfactory,,,ORN_DL2v,,right,AN
3797,720575940623482355,afferent,sensory,olfactory,,,ORN_VA2,,left,AN
3799,720575940630101497,afferent,sensory,olfactory,,,ORN_V,,right,AN
3805,720575940626980358,afferent,sensory,olfactory,,,ORN_DC1,,right,AN
3807,720575940624121358,afferent,sensory,olfactory,,,ORN_VM5v,,right,AN
3809,720575940619632148,afferent,sensory,olfactory,,ORN_VM6v,ORN_VC5,,right,AN
3813,720575940615994907,afferent,sensory,olfactory,,ORN_VM6m,ORN_VC5,,left,AN
3815,720575940614053405,afferent,sensory,olfactory,,,ORN_V,,left,AN
3816,720575940633509407,afferent,sensory,olfactory,,,ORN_DM1,,right,AN
3820,720575940622736934,afferent,sensory,olfactory,,,ORN_VC4,,right,AN
3823,720575940632239661,afferent,sensory,olfactory,,ORN_VM6l,ORN_VC5,,right,AN
3826,720575940615380530,afferent,sensory,olfactory,,,ORN_DL5,,right,AN
3836,720575940635745855,afferent,sensory,olfactory,,,ORN_VC2,,left,MxLbN
3840,720575940627316303,afferent,sensory,olfactory,,,ORN_DM1,,left,AN
3847,720575940620574305,afferent,sensory,olfactory,,,ORN_DM1,,left,AN
3848,720575940631240296,afferent,sensory,olfactory,,,ORN_DM1,,left,AN
3855,720575940626202237,afferent,sensory,olfactory,,,ORN_DM4,,right,AN
3860,720575940619812487,afferent,sensory,olfactory,,,ORN_DL5,,left,AN
3861,720575940632854156,afferent,sensory,olfactory,,,ORN_DC1,,left,AN
3868,720575940612800153,afferent,sensory,olfactory,,,ORN_VL2p,,left,AN
3870,720575940627996315,afferent,sensory,olfactory,,,ORN_DM1,,left,AN
3873,720575940654194337,afferent,sensory,olfactory,,,ORN_DM2,,right,AN
3878,720575940621844137,afferent,sensory,olfactory,,,ORN_VA7m,,right,AN
3881,720575940632624813,afferent,sensory,olfactory,,,ORN_VM5v,,right,AN
3890,720575940622204612,afferent,sensory,olfactory,,,ORN_DL1,,right,AN
3896,720575940610694866,afferent,sensory,olfactory,,ORN_VM6m,ORN_VC5,,left,AN
3902,720575940614184671,afferent,sensory,olfactory,,,ORN_VM7d,,left,MxLbN
3909,720575940652064502,afferent,sensory,olfactory,,ORN_VC3,ORN_VC3l,,right,AN
3916,720575940628061968,afferent,sensory,olfactory,,,ORN_DC2,,left,AN
3917,720575940627595024,afferent,sensory,olfactory,,,ORN_DC1,,right,AN
3927,720575940622360358,afferent,sensory,olfactory,,,ORN_VA7m,,left,AN
3928,720575940623032102,afferent,sensory,olfactory,,,ORN_VM7v,,right,MxLbN
3935,720575940618903345,afferent,sensory,olfactory,,,ORN_DC2,,right,AN
3940,720575940631191353,afferent,sensory,olfactory,,ORN_VM6l,ORN_VC5,,left,AN
3943,720575940624555838,afferent,sensory,olfactory,,,ORN_DC1,,left,AN
3953,720575940626726730,afferent,sensory,olfactory,,,ORN_DM4,,right,AN
3957,720575940631510865,afferent,sensory,olfactory,,,ORN_DP1l,,right,AN
3962,720575940607811420,afferent,sensory,olfactory,,,ORN_VA2,,right,AN
3971,720575940615659381,afferent,sensory,olfactory,,,ORN_DM4,,right,AN
3978,720575940626349957,afferent,sensory,olfactory,,ORN_VM6m,ORN_VC5,,left,AN
3979,720575940622761864,afferent,sensory,olfactory,,ORN_VM6m,ORN_VC5,,left,AN
3983,720575940627431311,afferent,sensory,olfactory,,,ORN_DC1,,left,AN
3985,720575940614102930,afferent,sensory,olfactory,,,ORN_DM1,,right,AN
4006,720575940606001074,afferent,sensory,olfactory,,,ORN_DM1,,left,AN
4018,720575940614676447,afferent,sensory,olfactory,,,ORN_DC1,,left,AN
